Clean,Date,polarity
i keep falling asleep during my classes  maybe lying on the couch while attending lectures isn't the best idea ,2020-09-11,1.0
its my birthday and im at my 8 30 lecture hungover living my best life babyyyyyy,2020-01-10,1.0
mcgill gave me the best gift for valentines day  2 midterms and a lab   who needs a date when mcgill gives you the best threesome ever ,2019-02-08,1.0
im not even in montreal im in california  this is the best my life has ever been   cheers everyone  ,2017-07-21,1.0
i look forward to this all week  this is the best part of the subreddit ,2016-11-04,1.0
everyone get on discord  the link is in the side bar below the the legendary service point link    everyone is awesome and i want you to come join ,2016-10-21,1.0
this is my best semester yet     it probably wont matter but i still feel proud,2020-05-08,0.9
ahhhhhhhhhhhhhhhhh im moving out on sunday and i am so incredibly stressed about it,2018-06-29,0.9
every girl at mcgill seems ridiculously beautiful for some reason,2016-02-05,0.85
stop complaining bc the weeknd just dropped a banger so it is now time to be happy happy happy   i say ooooooooooo ,2019-11-29,0.8000000000000002
im happy,2020-11-06,0.8
i am locked out of mycourses cant get in no matter what great now i cant go to classes rip gonna call it services and see what happens,2020-09-11,0.8
i am at that point where even netflix doesnt spark joy,2020-07-03,0.8
welcome to the summer vacation everyone      jk summer courses are here     weclome to 3 days of vacation everyone  ,2020-05-01,0.8
i am not decided about what degree to do lol help,2020-01-31,0.8
im in a great mood for once  ,2020-01-17,0.8
all my classes are gonna be in the engineering buildings  so happy that i have no winter classes on the hill,2020-01-03,0.8
called both my grandmas yesterday  they were so happy it made my heart melt ,2019-11-22,0.8
lolol a place i applied to in march just answered me now and offered me an internship position  there s still hope ma peeps,2019-06-14,0.8
i appreciate the arrival of the great thaw but it also means i am running out of time to figure out what i'm doing this summer,2019-03-22,0.8
